1,66120831731,Ira,Krajcik,ahmed.reichel@hotmail.com,false,0
2,88071885184,Cristobal,Balistreri,tasia.bernhard@yahoo.com,false,0
3,77070648995,Lupe,Paucek,greg.kemmer@hotmail.com,false,0
4,94030278968,Beata,Dickens,harry.bergstrom@gmail.com,false,0
5,48042191443,Selina,Glover,winfred.feeney@yahoo.com,false,0
6,62031662767,Enrique,Kiehn,benita.dietrich@yahoo.com,false,0
7,75051523693,Merry,Ward,frida.harber@hotmail.com,false,0
8,66010519899,Dorsey,Mayer,chantell.hamill@gmail.com,false,0
9,58042198975,Sharice,Durgan,freeman.runolfsdottir@yahoo.com,false,0
10,00260971427,Jessie,Schowalter,ana.witting@gmail.com,false,0
11,76060711622,Scot,Batz,donald.treutel@hotmail.com,false,0
12,55022384313,Edmond,West,grant.moen@hotmail.com,false,0
13,72122444219,Emanuel,Herman,claude.prosacco@gmail.com,false,0
14,00211029797,Yong,Conroy,phoebe.keeling@gmail.com,false,0
15,05322431774,Lynn,Dibbert,bertram.heaney@gmail.com,false,0
16,04252589883,Jerlene,Crooks,jere.blanda@gmail.com,false,0
17,55110344926,Garnett,Mohr,exie.steuber@gmail.com,false,0
18,81101055933,Aubrey,Bradtke,mickey.macejkovic@yahoo.com,false,0
19,49060685112,Alejandro,Hessel,tisa.hoppe@yahoo.com,false,0
20,51062075323,Sonny,Dicki,jeanie.bogan@hotmail.com,false,0
21,81091532928,Audria,Douglas,porsha.gulgowski@yahoo.com,false,0
22,82102794991,Alisha,Douglas,bryant.rutherford@hotmail.com,false,0
23,82120495445,Neville,Dicki,horacio.howe@gmail.com,false,0
24,54071842634,Cody,Spencer,edwardo.glover@yahoo.com,false,0
25,67110397613,Fredericka,Nitzsche,nenita.hammes@yahoo.com,false,0
26,89071057478,Ramiro,Bradtke,jolene.leannon@yahoo.com,false,0
27,87061784928,Reanna,Howe,necole.klein@gmail.com,false,0
28,60032575112,Theodore,Gottlieb,nellie.dickens@yahoo.com,false,0
29,62021374654,Dusti,Kautzer,vera.heaney@gmail.com,false,0
30,73021053171,Lupe,Kuphal,earle.swift@yahoo.com,false,0
31,95050499746,Collen,Wisoky,danial.champlin@hotmail.com,false,0
32,94013079854,Kristine,Dietrich,gavin.beer@hotmail.com,false,0
33,73012426546,China,Bayer,rusty.leuschke@hotmail.com,false,0
34,59120553518,Daron,Mayer,thomasena.hills@hotmail.com,false,0
35,82111013616,Foster,Herman,barton.anderson@yahoo.com,false,0
36,61021535551,Franklyn,Lubowitz,mazie.lockman@yahoo.com,false,0
37,74052253112,Elva,Willms,hong.rosenbaum@yahoo.com,false,0
38,91021644779,Treena,Huels,ronnie.reinger@yahoo.com,false,0
39,56012686183,Jolynn,Stroman,earnest.hettinger@gmail.com,false,0
40,77042125972,Dahlia,Stanton,pierre.bernier@gmail.com,false,0
41,90082246177,Scottie,Ortiz,dudley.friesen@gmail.com,false,0
42,69033134199,Dean,Batz,elissa.miller@yahoo.com,false,0
43,54020868878,Errol,Rodriguez,damian.little@hotmail.com,false,0
44,98073088362,Brendon,Veum,mozella.huels@gmail.com,false,0
45,88062282156,Alexis,Gaylord,jarrett.schroeder@hotmail.com,false,0
46,78112264946,Brad,Jerde,clinton.hodkiewicz@hotmail.com,false,0
47,65091886584,Rupert,Sanford,cary.denesik@yahoo.com,false,0
48,67042491131,Joshua,Feil,simon.vandervort@yahoo.com,false,0
49,59091382836,Alec,Huel,wei.streich@hotmail.com,false,0
50,47072034614,See,Trantow,sabrina.barrows@gmail.com,false,0
51,57032226711,Damien,D'Amore,yi.krajcik@gmail.com,false,0
52,97022014687,Leland,Osinski,frank.krajcik@hotmail.com,false,0
53,50103186361,Jerome,Mante,darell.ortiz@yahoo.com,false,0
54,50032753263,Lamonica,Senger,candance.dooley@gmail.com,false,0
55,68010463987,Raelene,Fisher,becky.marquardt@yahoo.com,false,0
56,57120519655,Kacie,Walker,matha.franecki@hotmail.com,false,0
57,62082626794,Lynn,Hudson,marcelo.brekke@yahoo.com,false,0
58,82012527492,Dennis,Trantow,vern.denesik@gmail.com,false,0
59,68052977288,Sheree,Stracke,katina.goodwin@yahoo.com,false,0
60,55010132528,Adolfo,Quigley,mariel.cormier@yahoo.com,false,0
61,94100848176,Ira,Bergstrom,noe.windler@hotmail.com,false,0
62,68110691325,Minh,Lebsack,jacinta.bednar@gmail.com,false,0
63,82071787576,Peg,Walker,heath.ernser@gmail.com,false,0
64,89042488793,Hershel,Larson,ignacio.boyle@hotmail.com,false,0
65,81100222592,Otha,Hammes,angelica.jacobson@gmail.com,false,0
66,55020173645,Lacy,Grimes,ja.heller@hotmail.com,false,0
67,86123045843,Emmaline,Connelly,melia.reynolds@gmail.com,false,0
68,48051842488,Leann,Nolan,moshe.hintz@gmail.com,false,0
69,97081477973,Sam,Emard,ericka.shanahan@yahoo.com,false,0
70,48111284649,Beverley,Raynor,brain.pacocha@gmail.com,false,0
71,93052644256,Tillie,Sawayn,anibal.schmidt@hotmail.com,false,0
72,70090483748,Kelli,Gottlieb,fidel.nitzsche@gmail.com,false,0
73,95083126581,Joesph,Koch,paulita.dibbert@hotmail.com,false,0
74,04241573723,Leon,Sauer,anthony.keeling@gmail.com,false,0
75,70020477827,Erasmo,Schuppe,marshall.gaylord@gmail.com,false,0
76,85072972817,Valentina,O'Kon,donnell.schamberger@gmail.com,false,0
77,85103187166,Ricky,Kemmer,giuseppina.haag@yahoo.com,false,0
78,65040463835,Kaylee,Conn,earl.kilback@gmail.com,false,0
79,56010185745,Heriberto,Brekke,jaye.heidenreich@hotmail.com,false,0
80,04251528878,Ivan,Herzog,richard.hauck@hotmail.com,false,0
81,47041526463,Millard,Abbott,izola.jones@hotmail.com,false,0
82,88103152378,Raymond,Ullrich,marylin.luettgen@hotmail.com,false,0
83,83051542136,Terence,Kuhic,jason.goldner@gmail.com,false,0
84,51060873626,Chance,Dickinson,salvatore.barton@hotmail.com,false,0
85,72032918552,Arnold,Auer,shirleen.rowe@hotmail.com,false,0
86,47082217265,Dannie,Heaney,odell.becker@gmail.com,false,0
87,83042425943,Elisha,Lehner,joesph.waelchi@gmail.com,false,0
88,87111411525,Donnie,Johns,emilio.wisozk@yahoo.com,false,0
89,58073112922,Ryann,Roob,elmo.hintz@hotmail.com,false,0
90,63031057375,Patsy,Stehr,lenny.schneider@yahoo.com,false,0
91,51090563915,Niesha,Block,glenn.boyer@yahoo.com,false,0
92,99080782137,Stanley,Mayert,hung.fisher@gmail.com,false,0
93,83060184226,Arla,Langosh,kelley.crist@yahoo.com,false,0
94,80051564751,Burt,Corwin,sebastian.bartell@hotmail.com,false,0
95,54070734163,Marcie,Klocko,racquel.heidenreich@yahoo.com,false,0
96,74041936613,Cayla,Hettinger,irving.howe@hotmail.com,false,0
97,53012941582,Malorie,Pouros,leroy.pacocha@yahoo.com,false,0
98,63060143324,Chauncey,Lynch,tony.braun@yahoo.com,false,0
99,73092755567,Shalon,White,leesa.prohaska@hotmail.com,false,0
100,84021176173,Vernice,Johns,sylvester.adams@yahoo.com,false,0
