id,pesel,firstname,lastname,email,deleted,version
1,88071885184,Lurline,Thiel,consuelo.koss@yahoo.com,false,0
2,77070648995,Kaylee,Kilback,austin.sanford@hotmail.com,false,0
3,94030278968,Ali,Mitchell,emmaline.oconnell@yahoo.com,false,0
4,48042191443,Laverne,Kris,harris.fadel@hotmail.com,false,0
5,62031662767,Dotty,Raynor,emory.waters@yahoo.com,false,0
6,75051523693,Glenn,Mertz,shirley.dubuque@hotmail.com,false,0
7,66010519899,Deneen,Abbott,fernando.rogahn@gmail.com,false,0
8,58042198975,Hugh,Raynor,georgette.hansen@gmail.com,false,0
9,00260971427,Ricky,Stokes,felipe.balistreri@gmail.com,false,0
10,76060711622,Reid,Russel,bernardo.turcotte@hotmail.com,false,0
11,55022384313,Marlin,Grant,lonny.kerluke@yahoo.com,false,0
12,72122444219,Mack,Jacobs,isidro.schulist@yahoo.com,false,0
13,00211029797,Leo,Jacobs,nicolasa.walker@hotmail.com,false,0
14,05322431774,Lyndon,Welch,leo.herman@gmail.com,false,0
15,04252589883,Fritz,Lang,jutta.aufderhar@gmail.com,false,0
16,55110344926,Lissette,Kreiger,lesley.hodkiewicz@hotmail.com,false,0
17,81101055933,Burl,Wilkinson,mohammad.lemke@gmail.com,false,0
18,49060685112,Lucien,Ernser,silas.lemke@yahoo.com,false,0
19,51062075323,Malcolm,Wintheiser,verla.oreilly@hotmail.com,false,0
20,81091532928,Frida,Wunsch,michael.stoltenberg@hotmail.com,false,0
21,82102794991,Hector,Grady,violet.grady@gmail.com,false,0
22,82120495445,Meryl,Cormier,israel.walter@yahoo.com,false,0
23,54071842634,Benedict,Spencer,willard.zieme@gmail.com,false,0
24,67110397613,Fletcher,Bahringer,kendall.ortiz@yahoo.com,false,0
25,89071057478,Lakesha,Halvorson,raisa.johnson@hotmail.com,false,0
26,87061784928,Silvia,Simonis,vance.strosin@hotmail.com,false,0
27,60032575112,Otis,Adams,fatimah.funk@hotmail.com,false,0
28,62021374654,Justin,Carter,kevin.cronin@gmail.com,false,0
29,73021053171,Luise,Hoppe,brendan.baumbach@hotmail.com,false,0
30,95050499746,Dalia,Langosh,son.schmidt@yahoo.com,false,0
31,94013079854,Jada,Cruickshank,margarett.weimann@yahoo.com,false,0
32,73012426546,Iluminada,Maggio,dwana.swaniawski@hotmail.com,false,0
33,59120553518,Carrol,Pouros,alaine.tillman@gmail.com,false,0
34,82111013616,Maisha,Pagac,jacquelynn.ritchie@gmail.com,false,0
35,61021535551,Chara,Gleichner,rosetta.stoltenberg@gmail.com,false,0
36,74052253112,Paris,Larkin,kimbery.ernser@gmail.com,false,0
37,91021644779,Dwayne,Rippin,malissa.crooks@hotmail.com,false,0
38,56012686183,Rosalba,Ward,mary.parker@gmail.com,false,0
39,77042125972,Sharron,Barrows,georgine.halvorson@yahoo.com,false,0
40,90082246177,Claudie,Okuneva,jeromy.hammes@yahoo.com,false,0
41,69033134199,Antonio,Hermiston,davis.hodkiewicz@gmail.com,false,0
42,54020868878,Kai,Buckridge,gary.romaguera@gmail.com,false,0
43,98073088362,Marietta,Ziemann,vanita.casper@yahoo.com,false,0
44,88062282156,Albert,Leffler,laurine.auer@yahoo.com,false,0
45,78112264946,Kandi,Cronin,napoleon.wintheiser@hotmail.com,false,0
46,65091886584,Latonya,Gerhold,quintin.hane@yahoo.com,false,0
47,67042491131,Shirlee,Ruecker,aura.miller@hotmail.com,false,0
48,59091382836,Shaunte,Herzog,seth.schmidt@yahoo.com,false,0
49,47072034614,Carol,Smitham,hazel.mueller@yahoo.com,false,0
50,57032226711,Hugo,Glover,jonathon.parker@gmail.com,false,0
51,97022014687,Garret,Waters,clarence.medhurst@gmail.com,false,0
52,50103186361,Allison,Moen,hershel.lynch@gmail.com,false,0
53,50032753263,Josef,Reinger,dean.fay@yahoo.com,false,0
54,68010463987,Mayra,Price,lazaro.graham@gmail.com,false,0
55,57120519655,Billie,Schuppe,elva.schultz@yahoo.com,false,0
56,62082626794,Jeanett,Brakus,kimberlie.aufderhar@yahoo.com,false,0
57,82012527492,Modesto,Turcotte,madelaine.walker@yahoo.com,false,0
58,68052977288,Joesph,Steuber,flo.price@yahoo.com,false,0
59,55010132528,Rosalind,Windler,kirby.krajcik@gmail.com,false,0
60,94100848176,Jae,Terry,kris.schuppe@hotmail.com,false,0
61,68110691325,Ernest,Auer,deidre.bradtke@hotmail.com,false,0
62,82071787576,Alison,Greenfelder,cherilyn.moore@yahoo.com,false,0
63,89042488793,Mellie,Bayer,cecille.kuphal@yahoo.com,false,0
64,81100222592,Bernie,Baumbach,wendy.kassulke@gmail.com,false,0
65,55020173645,Janyce,Connelly,ida.mraz@hotmail.com,false,0
66,86123045843,Rafael,Gottlieb,rickie.kirlin@gmail.com,false,0
67,48051842488,Jay,Heathcote,sherryl.wisoky@yahoo.com,false,0
68,97081477973,August,Rath,lesley.heaney@yahoo.com,false,0
69,48111284649,Gaynell,Gibson,armandina.pfeffer@yahoo.com,false,0
70,93052644256,Hermine,Wisoky,roseanna.bauch@gmail.com,false,0
71,70090483748,Damian,Bradtke,sang.jast@gmail.com,false,0
72,95083126581,Pamila,O'Keefe,kip.hills@gmail.com,false,0
73,04241573723,Gerardo,MacGyver,cheyenne.prohaska@gmail.com,false,0
74,70020477827,Shanel,Balistreri,marjorie.senger@gmail.com,false,0
75,85072972817,Jay,Russel,joan.hackett@hotmail.com,false,0
76,85103187166,Stanley,Hayes,charita.carter@hotmail.com,false,0
77,65040463835,Vilma,Rosenbaum,merideth.schaden@gmail.com,false,0
78,56010185745,Rodrigo,Dare,keisha.vandervort@yahoo.com,false,0
79,04251528878,Shonna,Dickens,reed.koch@hotmail.com,false,0
80,47041526463,Lenore,Cassin,phil.stehr@hotmail.com,false,0
81,88103152378,Leila,Thompson,jared.kilback@hotmail.com,false,0
82,83051542136,Emil,Hand,gema.wunsch@yahoo.com,false,0
83,51060873626,Gaston,Nader,linwood.frami@hotmail.com,false,0
84,72032918552,Eleanor,Rogahn,bethel.emard@gmail.com,false,0
85,47082217265,Lonnie,Jacobs,lucilla.glover@yahoo.com,false,0
86,83042425943,Anh,Parker,cameron.aufderhar@yahoo.com,false,0
87,87111411525,Tawanda,Lowe,denisse.ebert@hotmail.com,false,0
88,58073112922,Scott,Corkery,jaime.hessel@gmail.com,false,0
89,63031057375,Patience,Friesen,demarcus.stark@hotmail.com,false,0
90,51090563915,Jarrett,Okuneva,tom.thiel@yahoo.com,false,0
91,99080782137,Chu,Roberts,louie.daniel@hotmail.com,false,0
92,83060184226,Cletus,Schmitt,yi.block@yahoo.com,false,0
93,80051564751,Refugio,Denesik,federico.runolfsdottir@hotmail.com,false,0
94,54070734163,Myles,Zulauf,bula.mosciski@hotmail.com,false,0
95,74041936613,Jefferson,Paucek,taren.graham@yahoo.com,false,0
96,53012941582,Rufus,Stroman,maire.bahringer@hotmail.com,false,0
97,63060143324,Marcellus,Pouros,hung.christiansen@yahoo.com,false,0
98,73092755567,Man,Reynolds,hannah.swaniawski@yahoo.com,false,0
99,84021176173,Brady,Grimes,kattie.ryan@hotmail.com,false,0
100,66120831731,Karon,Ryan,sana.schaefer@gmail.com,false,0